{
    "depo": {
        "position": {
            "x": 8.287032161429014,
            "y": -7.197918970638393,
            "z": 0.0
        },
        "orientation": {
            "w": 0.9998134239231997,
            "x": 0.0,
            "y": 0.0,
            "z": 0.019316245571235176
        }
    },
    "sase montaj": {
        "position": {
            "x": 16.539609943671913,
            "y": -6.959045976395365,
            "z": 0.0
        },
        "orientation": {
            "w": 0.9992828569557262,
            "x": 0.0,
            "y": 0.0,
            "z": 0.03786517918090203
        }
    },
    "mekanik1": {
        "position": {
            "x": 11.852212203055801,
            "y": 1.1975004082734024,
            "z": 0.0
        },
        "orientation": {
            "w": 0.6939713260617018,
            "x": 0.0,
            "y": 0.0,
            "z": 0.7200026379147254
        }
    },
    "mekanik2": {
        "position": {
            "x": 11.044401682465901,
            "y": 18.52138811183381,
            "z": 0.0
        },
        "orientation": {
            "w": 0.6959367888507303,
            "x": 0.0,
            "y": 0.0,
            "z": 0.7181030468701091
        }
    },
    "mekanik3": {
        "position": {
            "x": 1.2056549978520128,
            "y": 44.79048338143915,
            "z": 0.0
        },
        "orientation": {
            "w": 0.93016693023306,
            "x": 0.0,
            "y": 0.0,
            "z": -0.3671368707999863
        }
    },
    "fular": {
        "position": {
            "x": -22.75431760671685,
            "y": 82.03025581009938,
            "z": 0.0
        },
        "orientation": {
            "w": -0.32739822162375753,
            "x": 0.0,
            "y": 0.0,
            "z": 0.9448864505736131
        }
    },
    "giris_unitesi": {
        "position": {
            "x": 2.36754513259762,
            "y": -4.315222071863203,
            "z": 0.0
        },
        "orientation": {
            "w": 0.9986061386707361,
            "x": 0.0,
            "y": 0.0,
            "z": 0.052780487011039656
        }
    }
}